{
    "classname": "fontAwesomeIcon",
    "definitions": {
        "apis": {
            "custom": [
                {
                    "group": "General",
                    "kuid": "dab281223a2949aca6182d5b6a07f57e",
                    "paramList": [],
                    "propertyKey": "setFontAwesomeIcon",
                    "pw": {
                        "displayName": "setFontAwesomeIcon",
                        "uiRepresentation": "Label-Label-Button-Button"
                    },
                    "srcWgtKUID": "hd6842dbb69a4ca7aa22b196a1385d8c",
                    "type": "event"
                },
                {
                    "group": "General",
                    "kuid": "jff83f0abad94bc3b807f24478fde32d",
                    "paramList": [],
                    "propertyKey": "getFontAwesomeIconName",
                    "pw": {
                        "displayName": "getFontAwesomeIconName",
                        "uiRepresentation": "Label-Label-Button-Button"
                    },
                    "srcWgtKUID": "hd6842dbb69a4ca7aa22b196a1385d8c",
                    "type": "event"
                }
            ],
            "passthrough": []
        },
        "events": {
            "custom": [],
            "passthrough": [
                {
                    "access": "Enable",
                    "group": "General",
                    "kuid": "j70369788df843859d817bfcb1195739",
                    "originalPropertyKey": "onTouchEnd",
                    "propertyIndex": 1,
                    "propertyKey": "onIconClickListner",
                    "pw": {
                        "access": "readwrite",
                        "category": "action",
                        "displayName": "onIconClickListner",
                        "srcWidget": "icon",
                        "type": "action",
                        "uiRepresentation": "Label-Label-Button-Button",
                        "wType": "Label"
                    },
                    "srcWgtKUID": "c674a805961a4fccb35d37c1d561eb50"
                }
            ]
        },
        "groups": {
            "apis": [
                "General"
            ],
            "events": [],
            "properties": [
                "test"
            ],
            "widgets": []
        },
        "properties": {
            "custom": [],
            "passthrough": [
                {
                    "access": "Enable",
                    "group": "General",
                    "kuid": "f7ca01f3db614707b4e04673e23fb54b",
                    "originalPropertyKey": "text",
                    "propertyIndex": 1,
                    "propertyKey": "iconData",
                    "pw": {
                        "access": "readwrite",
                        "category": "look",
                        "dependentKeysKUIDs": null,
                        "displayName": "Icon Unicode",
                        "srcWidget": "icon",
                        "type": "string",
                        "uiRepresentation": "Label-Textbox",
                        "wType": "Label"
                    },
                    "srcWgtKUID": "c674a805961a4fccb35d37c1d561eb50"
                },
                {
                    "access": "Enable",
                    "group": "General",
                    "kuid": "a32eec7b7f0a414cb384de0992ef9044",
                    "originalPropertyKey": "skin",
                    "propertyIndex": 3,
                    "propertyKey": "skin1",
                    "pw": {
                        "access": "readwrite",
                        "category": "skin",
                        "dependentKeysKUIDs": null,
                        "displayName": "Normal",
                        "srcWidget": "icon",
                        "wType": "Label"
                    },
                    "srcWgtKUID": "c674a805961a4fccb35d37c1d561eb50"
                }
            ]
        },
        "widgets": {
            "expose": [],
            "passthrough": []
        }
    },
    "enableLocking": true,
    "namespace": "com.ardeveloper",
    "userDetails": {},
    "version": "1.0.0",
    "isLocked": true
}