{
    "breakpointInfo": null,
    "images": [],
    "previewImage": "data:,",
    "screenshotGenerated": true,
    "skinDefs": {},
    "sourceChannel": "common",
    "templateDef": {
        "DNDConfig": null,
        "__parentReadjusting__": false,
        "_height_": {
            "type": "ref",
            "value": "preferred"
        },
        "_left_": {
            "type": "string",
            "value": "0dp"
        },
        "_margin_": [
            0,
            0,
            0,
            0
        ],
        "_orientation_": 6,
        "_padding_": [
            0,
            0,
            0,
            0
        ],
        "_percent_": true,
        "_skin_": "s30bd482a9a148e4a6d3785fd105eb6f",
        "_top_": {
            "type": "string",
            "value": "0dp"
        },
        "_width_": {
            "type": "ref",
            "value": "preferred"
        },
        "allboxes": [],
        "autogrowmode": 1,
        "canUpdateUI": true,
        "children": [
            "icon"
        ],
        "clipbounds": true,
        "containerweight": 100,
        "enablescrolling": true,
        "icon": {
            "@class": "com.kony.gen.viz.model.component.KVizLabel",
            "DNDConfig": null,
            "__parentReadjusting__": false,
            "_height_": {
                "type": "ref",
                "value": "preferred"
            },
            "_left_": {
                "type": "string",
                "value": "0dp"
            },
            "_margin_": [
                1,
                1,
                1,
                1
            ],
            "_padding_": [
                0,
                0,
                0,
                0
            ],
            "_skin_": "s909ad3558d74201a9fc357ed2ff977e",
            "_text_": "",
            "_top_": {
                "type": "string",
                "value": "0dp"
            },
            "_width_": {
                "type": "ref",
                "value": "preferred"
            },
            "_wrapping_": 2,
            "android": {
                "textStyle": {
                    "letterSpacing": 0,
                    "strikeThrough": false
                }
            },
            "canUpdateUI": true,
            "containerweight": 100,
            "contentalignment": 5,
            "genericProperties": {
                "textStyle": {}
            },
            "id": "icon",
            "info": null,
            "ipad": {
                "psp": {
                    "wrapping": 2
                }
            },
            "iphone": {
                "psp": {
                    "wrapping": 2
                }
            },
            "iscustomlayout": false,
            "isvisible": true,
            "kuid": "c674a805961a4fccb35d37c1d561eb50",
            "name": "kony.ui.Label",
            "parent": "fontAwesomeIcon",
            "pf": "uwube6be03487a49b1ab8ac24340701887",
            "retaincontentalignment": false,
            "retainflexpositionproperties": false,
            "tooltip": "",
            "wType": "Label",
            "zindex": 1
        },
        "id": "fontAwesomeIcon",
        "info": null,
        "iscustomlayout": false,
        "isvisible": true,
        "kuid": "hd6842dbb69a4ca7aa22b196a1385d8c",
        "layouttype": 2,
        "name": "kony.ui.FlexContainer",
        "parent": "uwube6be03487a49b1ab8ac24340701887",
        "pf": "uwube6be03487a49b1ab8ac24340701887",
        "retaincontentalignment": false,
        "retainflexpositionproperties": false,
        "retainflowhorizontalalignment": false,
        "snapgridsize": 10,
        "snaptogrid": true,
        "wType": "FlexContainer",
        "widgetalignment": 1
    },
    "userwidgetKUID": "u9d2edbc79f74e14b592f80808d3c7b1"
}