{
    "@class": "com.kony.gen.viz.model.container.KVizForm",
    "DNDConfig": null,
    "_margin_": [
        0,
        0,
        0,
        0
    ],
    "_orientation_": 1,
    "_padding_": [
        0,
        0,
        0,
        0
    ],
    "_percent_": true,
    "_skin_": "s6634f9793a640eaa7de574dd7fb3e96",
    "_title_": null,
    "addWidgetsdone": false,
    "allboxes": [],
    "canUpdateUI": true,
    "children": [
        "fontAwesomeIcon"
    ],
    "containerweight": 100,
    "currentLocale": "default",
    "device": "Pixel3",
    "displayorientation": 3,
    "enabledforidletimeout": false,
    "globalUserWidgetRefs": [
        "u9d2edbc79f74e14b592f80808d3c7b1"
    ],
    "id": "userwidgetmodel",
    "info": null,
    "initdone": false,
    "inputaccessoryviewtype": 4,
    "intransitionconfig": {
        "formTransition": "None"
    },
    "isLocked": true,
    "iscustomlayout": false,
    "isvisible": true,
    "kuid": "ube6be03487a49b1ab8ac24340701887",
    "layouttype": 2,
    "masterType": 1,
    "name": "kony.ui.Form2",
    "needappmenu": true,
    "outtransitionconfig": {
        "formTransition": "None"
    },
    "paddinginpixel": false,
    "platform": "android",
    "prevDevice": "iPhoneXS",
    "prevPlatform": "iphone",
    "retaincontentalignment": false,
    "retainflexpositionproperties": false,
    "retainscrollposition": false,
    "shellCSS": "and_Pixel3",
    "titlebar": true,
    "type": 3,
    "wType": "Form"
}